Workbook

Sheet Raw_Clinical_Data
A1: Subject ID | B1: Site ID | C1: Visit Date | D1: Age | E1: Gender | F1: Weight (kg) | G1: BP_SYS | H1: BP_DIA | I1: AE Reported | J1: Drug Dose
A2: SUB001 | B2: SITE03 | C2: 45695 | D2: 37 | E2: Female | F2: 70 | G2: 100 | H2: 70 | I2: No | J2: 15mg
A3: SUB002 | B3: SITE04 | C3: 45701 | D3: 44 | E3: Male | F3: 71 | G3: 130 | H3: 84 | I3: No | J3: 10mg
A4: SUB003 | B4: SITE04 | C4: 45762 | D4: 66 | E4: Male | F4: 47 | G4: 107 | H4: 85 | I4: Yes | J4: 5mg
A5: SUB004 | B5: SITE02 | C5: 45748 | D5: 46 | E5: Male | F5: 93 | G5: 107 | H5: 75 | I5: Yes | J5: 10mg
A6: SUB005 | B6: SITE03 | C6: 45760 | D6: 21 | E6: Male | F6: 91 | G6: 111 | H6: 86 | I6: No | J6: 15mg
A7: SUB005 | B7: SITE01 | C7: 45665 | D7: 27 | E7: Male | F7: 88 | G7: 116 | H7: 61 | I7: Yes | J7: 5mg
A8: SUB006 | B8: SITE04 | C8: 45807 | D8: 36 | E8: Male | F8: 75 | G8: 350 | H8: 77 | I8: Yes | J8: 10mg
A9: SUB007 | B9: SITE02 | C9: 45696 | D9: 54 | E9: Female | F9: 48 | G9: 134 | H9: 65 | I9: No | J9: 5mg
A10: SUB008 | B10: SITE02 | C10: 45778 | D10: 52 | E10: Male | F10: 71 | G10: 124 | H10: 73 | I10: No | J10: 5mg
A11: SUB010 | B11: SITE03 | C11: 45805 | D11: 52 | E11: Female | F11: 69 | G11: 136 | H11: 76 | I11: No | J11: 10mg
A12: SUB011 | B12: SITE03 | C12: 45669 | D12: 37 | E12: Female | F12: 77 | G12: 101 | H12: 70 | I12: Yes | J12: 15mg
A13: SUB012 | B13: SITE01 | C13: 45740 | D13: 75 | E13: Male | F13: 94 | G13: 129 | H13: 66 | I13: Yes | J13: 10mg
... A29: SUB028 | B29: SITE04 | C29: 45793 | D29: 40 | E29: Male | F29: 70 | G29: 135 | H29: 72 | I29: No | J29: 15mg
A30: SUB029 | B30: SITE02 | C30: 45688 | D30: 23 | E30: Female | G30: 107 | H30: 87 | I30: No | J30: 15mg
A31: SUB030 | B31: SITE01 | C31: 45765 | D31: 51 | E31: Female | F31: 87 | G31: 133 | H31: 79 | I31: Yes | J31: 10mg
A32: SUB031 | B32: SITE01 | C32: 45792 | D32: 71 | E32: Male | F32: 60 | G32: 140 | H32: -9 | I32: Yes | J32: 10mg
A33: SUB032 | B33: SITE03 | C33: 45700 | D33: 52 | E33: Male | F33: 68 | G33: 118 | H33: 61 | I33: No | J33: 10mg
A34: SUB033 | B34: SITE04 | C34: 45692 | D34: 73 | E34: Male | F34: 81 | G34: 102 | H34: 73 | I34: No | J34: 10mg
A35: SUB034 | B35: SITE03 | C35: 45666 | D35: 70 | E35: Female | F35: 55 | G35: 20 | H35: 67 | I35: Yes | J35: 10mg
A36: SUB035 | B36: SITE01 | C36: 45802 | D36: 31 | E36: Male | F36: 84 | G36: 131 | H36: 73 | I36: No | J36: 10mg
A37: SUB036 | B37: SITE02 | C37: 45740 | D37: 75 | E37: Female | F37: 82 | G37: 102 | H37: 85 | I37: Maybe | J37: 15mg
A38: SUB037 | B38: SITE01 | C38: 45800 | D38: 55 | E38: Male | F38: 71 | G38: 138 | H38: 65 | I38: No | J38: 5mg
A39: SUB038 | B39: SITE03 | C39: 45727 | D39: 46 | E39: Male | F39: 77 | G39: 110 | H39: 69 | I39: Yes | J39: 5mg
A40: SUB039 | B40: SITE04 | C40: 45696 | D40: 60 | E40: Female | F40: 59 | G40: 105 | H40: 10 | I40: Yes | J40: 15mg
A41: SUB040 | B41: SITE01 | C41: 45704 | D41: 63 | E41: Female | F41: 72 | G41: 124 | H41: 63 | I41: No | J41: 10mg
A42: SUB041 | B42: SITE03 | C42: 45686 | D42: 63 | E42: Female | F42: 87 | G42: 115 | H42: 89 | I42: Yes | J42: 5mg
... A51: SUB050 | B51: SITE02 | C51: 45837 | D51: 49 | E51: Male | F51: 53 | G51: 136 | H51: 78 | I51: Yes | J51: 15mg

Sheet Validation_Checks
A1: Subject ID | B1: Subject ID Check | C1: Date Check | D1: Age Check | E1: Gender Check | F1: Weight Check | G1: BP_SYS Check | H1: BP_DIA Check | I1: AE Reported Check | J1: Drug Dose Check
A2: {=Raw_Clinical_Data!$A2:$A51} -> SUB001 | B2: {=IF(COUNTIF(A:A,$A2:$A51)>1,"Duplicate","Unique")} -> Unique | C2: {=IF(Raw_Clinical_Data!C2:C51>TODAY(),"Future Date","Valid")} -> Valid | D2: =IF(OR(Raw_Clinical_Data!D2<18,Raw_Clinical_Data!D2>100),"Invalid Age","Valid") -> Valid | E2: =IF(AND(Raw_Clinical_Data!E2<>"Male",Raw_Clinical_Data!E2<>"Female"),"Invalid Gender","Valid") -> Valid | F2: =IF(Raw_Clinical_Data!F2="","Missing Weight","Available") -> Available | G2: =IF(OR(Raw_Clinical_Data!G2<70,Raw_Clinical_Data!G2>250),"Invalid BP","Valid BP") -> Valid BP | H2: =IF(OR(Raw_Clinical_Data!H2<=40,Raw_Clinical_Data!H2>=150),"Invalid BP","Valid BP") -> Valid BP | I2: =IF(OR(Raw_Clinical_Data!I2="Yes",Raw_Clinical_Data!I2="NO"),"Valid","Invalid AE Entry") -> Valid | J2: =IF(OR(Raw_Clinical_Data!J2="5mg",Raw_Clinical_Data!J2="10mg",Raw_Clinical_Data!J2="15mg"),"Valid","Invalid Dose") -> Valid
A3: SUB002 | B3: Unique | C3: Valid | D3: =IF(OR(Raw_Clinical_Data!D3<18,Raw_Clinical_Data!D3>100),"Invalid Age","Valid") -> Valid | E3: =IF(AND(Raw_Clinical_Data!E3<>"Male",Raw_Clinical_Data!E3<>"Female"),"Invalid Gender","Valid") -> Valid | F3: =IF(Raw_Clinical_Data!F3="","Missing Weight","Available") -> Available | G3: =IF(OR(Raw_Clinical_Data!G3<70,Raw_Clinical_Data!G3>250),"Invalid BP","Valid BP") -> Valid BP | H3: =IF(OR(Raw_Clinical_Data!H3<=40,Raw_Clinical_Data!H3>=150),"Invalid BP","Valid BP") -> Valid BP | I3: =IF(OR(Raw_Clinical_Data!I3="Yes",Raw_Clinical_Data!I3="NO"),"Valid","Invalid AE Entry") -> Valid | J3: =IF(OR(Raw_Clinical_Data!J3="5mg",Raw_Clinical_Data!J3="10mg",Raw_Clinical_Data!J3="15mg"),"Valid","Invalid Dose") -> Valid
A4: SUB003 | B4: Unique | C4: Valid | D4: =IF(OR(Raw_Clinical_Data!D4<18,Raw_Clinical_Data!D4>100),"Invalid Age","Valid") -> Valid | E4: =IF(AND(Raw_Clinical_Data!E4<>"Male",Raw_Clinical_Data!E4<>"Female"),"Invalid Gender","Valid") -> Valid | F4: =IF(Raw_Clinical_Data!F4="","Missing Weight","Available") -> Available | G4: =IF(OR(Raw_Clinical_Data!G4<70,Raw_Clinical_Data!G4>250),"Invalid BP","Valid BP") -> Valid BP | H4: =IF(OR(Raw_Clinical_Data!H4<=40,Raw_Clinical_Data!H4>=150),"Invalid BP","Valid BP") -> Valid BP | I4: =IF(OR(Raw_Clinical_Data!I4="Yes",Raw_Clinical_Data!I4="NO"),"Valid","Invalid AE Entry") -> Valid | J4: =IF(OR(Raw_Clinical_Data!J4="5mg",Raw_Clinical_Data!J4="10mg",Raw_Clinical_Data!J4="15mg"),"Valid","Invalid Dose") -> Valid
A5: SUB004 | B5: Unique | C5: Valid | D5: =IF(OR(Raw_Clinical_Data!D5<18,Raw_Clinical_Data!D5>100),"Invalid Age","Valid") -> Valid | E5: =IF(AND(Raw_Clinical_Data!E5<>"Male",Raw_Clinical_Data!E5<>"Female"),"Invalid Gender","Valid") -> Valid | F5: =IF(Raw_Clinical_Data!F5="","Missing Weight","Available") -> Available | G5: =IF(OR(Raw_Clinical_Data!G5<70,Raw_Clinical_Data!G5>250),"Invalid BP","Valid BP") -> Valid BP | H5: =IF(OR(Raw_Clinical_Data!H5<=40,Raw_Clinical_Data!H5>=150),"Invalid BP","Valid BP") -> Valid BP | I5: =IF(OR(Raw_Clinical_Data!I5="Yes",Raw_Clinical_Data!I5="NO"),"Valid","Invalid AE Entry") -> Valid | J5: =IF(OR(Raw_Clinical_Data!J5="5mg",Raw_Clinical_Data!J5="10mg",Raw_Clinical_Data!J5="15mg"),"Valid","Invalid Dose") -> Valid
A6: SUB005 | B6: Duplicate | C6: Valid | D6: =IF(OR(Raw_Clinical_Data!D6<18,Raw_Clinical_Data!D6>100),"Invalid Age","Valid") -> Valid | E6: =IF(AND(Raw_Clinical_Data!E6<>"Male",Raw_Clinical_Data!E6<>"Female"),"Invalid Gender","Valid") -> Valid | F6: =IF(Raw_Clinical_Data!F6="","Missing Weight","Available") -> Available | G6: =IF(OR(Raw_Clinical_Data!G6<70,Raw_Clinical_Data!G6>250),"Invalid BP","Valid BP") -> Valid BP | H6: =IF(OR(Raw_Clinical_Data!H6<=40,Raw_Clinical_Data!H6>=150),"Invalid BP","Valid BP") -> Valid BP | I6: =IF(OR(Raw_Clinical_Data!I6="Yes",Raw_Clinical_Data!I6="NO"),"Valid","Invalid AE Entry") -> Valid | J6: =IF(OR(Raw_Clinical_Data!J6="5mg",Raw_Clinical_Data!J6="10mg",Raw_Clinical_Data!J6="15mg"),"Valid","Invalid Dose") -> Valid
A7: SUB005 | B7: Duplicate | C7: Valid | D7: =IF(OR(Raw_Clinical_Data!D7<18,Raw_Clinical_Data!D7>100),"Invalid Age","Valid") -> Valid | E7: =IF(AND(Raw_Clinical_Data!E7<>"Male",Raw_Clinical_Data!E7<>"Female"),"Invalid Gender","Valid") -> Valid | F7: =IF(Raw_Clinical_Data!F7="","Missing Weight","Available") -> Available | G7: =IF(OR(Raw_Clinical_Data!G7<70,Raw_Clinical_Data!G7>250),"Invalid BP","Valid BP") -> Valid BP | H7: =IF(OR(Raw_Clinical_Data!H7<=40,Raw_Clinical_Data!H7>=150),"Invalid BP","Valid BP") -> Valid BP | I7: =IF(OR(Raw_Clinical_Data!I7="Yes",Raw_Clinical_Data!I7="NO"),"Valid","Invalid AE Entry") -> Valid | J7: =IF(OR(Raw_Clinical_Data!J7="5mg",Raw_Clinical_Data!J7="10mg",Raw_Clinical_Data!J7="15mg"),"Valid","Invalid Dose") -> Valid
A8: SUB006 | B8: Unique | C8: Valid | D8: =IF(OR(Raw_Clinical_Data!D8<18,Raw_Clinical_Data!D8>100),"Invalid Age","Valid") -> Valid | E8: =IF(AND(Raw_Clinical_Data!E8<>"Male",Raw_Clinical_Data!E8<>"Female"),"Invalid Gender","Valid") -> Valid | F8: =IF(Raw_Clinical_Data!F8="","Missing Weight","Available") -> Available | G8: =IF(OR(Raw_Clinical_Data!G8<70,Raw_Clinical_Data!G8>250),"Invalid BP","Valid BP") -> Invalid BP | H8: =IF(OR(Raw_Clinical_Data!H8<=40,Raw_Clinical_Data!H8>=150),"Invalid BP","Valid BP") -> Valid BP | I8: =IF(OR(Raw_Clinical_Data!I8="Yes",Raw_Clinical_Data!I8="NO"),"Valid","Invalid AE Entry") -> Valid | J8: =IF(OR(Raw_Clinical_Data!J8="5mg",Raw_Clinical_Data!J8="10mg",Raw_Clinical_Data!J8="15mg"),"Valid","Invalid Dose") -> Valid
A9: SUB007 | B9: Unique | C9: Valid | D9: =IF(OR(Raw_Clinical_Data!D9<18,Raw_Clinical_Data!D9>100),"Invalid Age","Valid") -> Valid | E9: =IF(AND(Raw_Clinical_Data!E9<>"Male",Raw_Clinical_Data!E9<>"Female"),"Invalid Gender","Valid") -> Valid | F9: =IF(Raw_Clinical_Data!F9="","Missing Weight","Available") -> Available | G9: =IF(OR(Raw_Clinical_Data!G9<70,Raw_Clinical_Data!G9>250),"Invalid BP","Valid BP") -> Valid BP | H9: =IF(OR(Raw_Clinical_Data!H9<=40,Raw_Clinical_Data!H9>=150),"Invalid BP","Valid BP") -> Valid BP | I9: =IF(OR(Raw_Clinical_Data!I9="Yes",Raw_Clinical_Data!I9="NO"),"Valid","Invalid AE Entry") -> Valid | J9: =IF(OR(Raw_Clinical_Data!J9="5mg",Raw_Clinical_Data!J9="10mg",Raw_Clinical_Data!J9="15mg"),"Valid","Invalid Dose") -> Valid
A10: SUB008 | B10: Unique | C10: Valid | D10: =IF(OR(Raw_Clinical_Data!D10<18,Raw_Clinical_Data!D10>100),"Invalid Age","Valid") -> Valid | E10: =IF(AND(Raw_Clinical_Data!E10<>"Male",Raw_Clinical_Data!E10<>"Female"),"Invalid Gender","Valid") -> Valid | F10: =IF(Raw_Clinical_Data!F10="","Missing Weight","Available") -> Available | G10: =IF(OR(Raw_Clinical_Data!G10<70,Raw_Clinical_Data!G10>250),"Invalid BP","Valid BP") -> Valid BP | H10: =IF(OR(Raw_Clinical_Data!H10<=40,Raw_Clinical_Data!H10>=150),"Invalid BP","Valid BP") -> Valid BP | I10: =IF(OR(Raw_Clinical_Data!I10="Yes",Raw_Clinical_Data!I10="NO"),"Valid","Invalid AE Entry") -> Valid | J10: =IF(OR(Raw_Clinical_Data!J10="5mg",Raw_Clinical_Data!J10="10mg",Raw_Clinical_Data!J10="15mg"),"Valid","Invalid Dose") -> Valid
A11: SUB010 | B11: Unique | C11: Valid | D11: =IF(OR(Raw_Clinical_Data!D11<18,Raw_Clinical_Data!D11>100),"Invalid Age","Valid") -> Valid | E11: =IF(AND(Raw_Clinical_Data!E11<>"Male",Raw_Clinical_Data!E11<>"Female"),"Invalid Gender","Valid") -> Valid | F11: =IF(Raw_Clinical_Data!F11="","Missing Weight","Available") -> Available | G11: =IF(OR(Raw_Clinical_Data!G11<70,Raw_Clinical_Data!G11>250),"Invalid BP","Valid BP") -> Valid BP | H11: =IF(OR(Raw_Clinical_Data!H11<=40,Raw_Clinical_Data!H11>=150),"Invalid BP","Valid BP") -> Valid BP | I11: =IF(OR(Raw_Clinical_Data!I11="Yes",Raw_Clinical_Data!I11="NO"),"Valid","Invalid AE Entry") -> Valid | J11: =IF(OR(Raw_Clinical_Data!J11="5mg",Raw_Clinical_Data!J11="10mg",Raw_Clinical_Data!J11="15mg"),"Valid","Invalid Dose") -> Valid
A12: SUB011 | B12: Unique | C12: Valid | D12: =IF(OR(Raw_Clinical_Data!D12<18,Raw_Clinical_Data!D12>100),"Invalid Age","Valid") -> Valid | E12: =IF(AND(Raw_Clinical_Data!E12<>"Male",Raw_Clinical_Data!E12<>"Female"),"Invalid Gender","Valid") -> Valid | F12: =IF(Raw_Clinical_Data!F12="","Missing Weight","Available") -> Available | G12: =IF(OR(Raw_Clinical_Data!G12<70,Raw_Clinical_Data!G12>250),"Invalid BP","Valid BP") -> Valid BP | H12: =IF(OR(Raw_Clinical_Data!H12<=40,Raw_Clinical_Data!H12>=150),"Invalid BP","Valid BP") -> Valid BP | I12: =IF(OR(Raw_Clinical_Data!I12="Yes",Raw_Clinical_Data!I12="NO"),"Valid","Invalid AE Entry") -> Valid | J12: =IF(OR(Raw_Clinical_Data!J12="5mg",Raw_Clinical_Data!J12="10mg",Raw_Clinical_Data!J12="15mg"),"Valid","Invalid Dose") -> Valid
A13: SUB012 | B13: Unique | C13: Valid | D13: =IF(OR(Raw_Clinical_Data!D13<18,Raw_Clinical_Data!D13>100),"Invalid Age","Valid") -> Valid | E13: =IF(AND(Raw_Clinical_Data!E13<>"Male",Raw_Clinical_Data!E13<>"Female"),"Invalid Gender","Valid") -> Valid | F13: =IF(Raw_Clinical_Data!F13="","Missing Weight","Available") -> Available | G13: =IF(OR(Raw_Clinical_Data!G13<70,Raw_Clinical_Data!G13>250),"Invalid BP","Valid BP") -> Valid BP | H13: =IF(OR(Raw_Clinical_Data!H13<=40,Raw_Clinical_Data!H13>=150),"Invalid BP","Valid BP") -> Valid BP | I13: =IF(OR(Raw_Clinical_Data!I13="Yes",Raw_Clinical_Data!I13="NO"),"Valid","Invalid AE Entry") -> Valid | J13: =IF(OR(Raw_Clinical_Data!J13="5mg",Raw_Clinical_Data!J13="10mg",Raw_Clinical_Data!J13="15mg"),"Valid","Invalid Dose") -> Valid
A14: SUB013 | B14: Unique | C14: Valid | D14: =IF(OR(Raw_Clinical_Data!D14<18,Raw_Clinical_Data!D14>100),"Invalid Age","Valid") -> Valid | E14: =IF(AND(Raw_Clinical_Data!E14<>"Male",Raw_Clinical_Data!E14<>"Female"),"Invalid Gender","Valid") -> Valid | F14: =IF(Raw_Clinical_Data!F14="","Missing Weight","Available") -> Available | G14: =IF(OR(Raw_Clinical_Data!G14<70,Raw_Clinical_Data!G14>250),"Invalid BP","Valid BP") -> Valid BP | H14: =IF(OR(Raw_Clinical_Data!H14<=40,Raw_Clinical_Data!H14>=150),"Invalid BP","Valid BP") -> Valid BP | I14: =IF(OR(Raw_Clinical_Data!I14="Yes",Raw_Clinical_Data!I14="NO"),"Valid","Invalid AE Entry") -> Valid | J14: =IF(OR(Raw_Clinical_Data!J14="5mg",Raw_Clinical_Data!J14="10mg",Raw_Clinical_Data!J14="15mg"),"Valid","Invalid Dose") -> Valid
... A51: SUB050 | B51: Unique | C51: Valid | D51: =IF(OR(Raw_Clinical_Data!D51<18,Raw_Clinical_Data!D51>100),"Invalid Age","Valid") -> Valid | E51: =IF(AND(Raw_Clinical_Data!E51<>"Male",Raw_Clinical_Data!E51<>"Female"),"Invalid Gender","Valid") -> Valid | F51: =IF(Raw_Clinical_Data!F51="","Missing Weight","Available") -> Available | G51: =IF(OR(Raw_Clinical_Data!G51<70,Raw_Clinical_Data!G51>250),"Invalid BP","Valid BP") -> Valid BP | H51: =IF(OR(Raw_Clinical_Data!H51<=40,Raw_Clinical_Data!H51>=150),"Invalid BP","Valid BP") -> Valid BP | I51: =IF(OR(Raw_Clinical_Data!I51="Yes",Raw_Clinical_Data!I51="NO"),"Valid","Invalid AE Entry") -> Valid | J51: =IF(OR(Raw_Clinical_Data!J51="5mg",Raw_Clinical_Data!J51="10mg",Raw_Clinical_Data!J51="15mg"),"Valid","Invalid Dose") -> Valid

Sheet Query_Tracker
A1: Query ID | B1: Subject ID | C1: Site ID | D1: Issue Type | E1: Description | F1: Query Status | G1: Resolution
A2: Q001 | B2: SUB005 | C2: SITE03/SITE04 | D2: Duplicate Subject ID | E2: Subject ID is repeated twice | F2: Open | G2: Awaiting Site Clarification
A3: Q002 | B3: SUB019 | C3: =_xlfn.XLOOKUP(B3,Raw_Clinical_Data!A:A,Raw_Clinical_Data!B:B) -> SITE02 | D3: Future Visit Date | E3: Visit Date is beyond Current Date | F3: In Progress | G3: Visit is scheduled for future dates
A4: Q003 | B4: SUB014 | C4: =_xlfn.XLOOKUP(B4,Raw_Clinical_Data!A:A,Raw_Clinical_Data!B:B) -> SITE04 | D4: Invalid Age | E4: Age entered as 250 | F4: Open | G4: Pending Correction
A5: Q004 | B5: SUB024 | C5: =_xlfn.XLOOKUP(B5,Raw_Clinical_Data!A:A,Raw_Clinical_Data!B:B) -> SITE03 | D5: Invalid Gender | E5: Gender entered as ABC | F5: Open | G5: Awaiting Update
A6: Q005 | B6: SUB029 | C6: =_xlfn.XLOOKUP(B6,Raw_Clinical_Data!A:A,Raw_Clinical_Data!B:B) -> SITE02 | D6: Missing Weight | E6: Weight Value is Blank | F6: Closed | G6: Weight Updated
A7: Q006 | B7: SUB006 | C7: =_xlfn.XLOOKUP(B7,Raw_Clinical_Data!A:A,Raw_Clinical_Data!B:B) -> SITE04 | D7: Invalid Systolic BP | E7: Systolic BP is 350 | F7: Open | G7: Awaiting Site Response
A8: Q007 | B8: SUB034 | C8: =_xlfn.XLOOKUP(B8,Raw_Clinical_Data!A:A,Raw_Clinical_Data!B:B) -> SITE03 | D8: Invalid Systolic BP | E8: Systolic BP is 20 | F8: Open | G8: Awaiting Site Response
A9: Q008 | B9: SUB047 | C9: =_xlfn.XLOOKUP(B9,Raw_Clinical_Data!A:A,Raw_Clinical_Data!B:B) -> SITE01 | D9: Invalid Systolic BP | E9: Systolic BP is 10 | F9: Open | G9: Awaiting Site Response
A10: Q009 | B10: SUB031 | C10: =_xlfn.XLOOKUP(B10,Raw_Clinical_Data!A:A,Raw_Clinical_Data!B:B) -> SITE01 | D10: Invalid Diastolic BP | E10: Diastolic BP is -9 | F10: Closed | G10: Value Corrected
A11: Q010 | B11: SUB039 | C11: =_xlfn.XLOOKUP(B11,Raw_Clinical_Data!A:A,Raw_Clinical_Data!B:B) -> SITE04 | D11: Invalid Diastolic BP | E11: Diastolic BP is 10 | F11: Open | G11: Awaiting Site Response
A12: Q011 | B12: SUB019 | C12: =_xlfn.XLOOKUP(B12,Raw_Clinical_Data!A:A,Raw_Clinical_Data!B:B) -> SITE02 | D12: Invalid AE Etry | E12: AE is entered as Maybe | F12: Open | G12: Query Sent to Site for correction
A13: Q012 | B13: SUB036 | C13: =_xlfn.XLOOKUP(B13,Raw_Clinical_Data!A:A,Raw_Clinical_Data!B:B) -> SITE02 | D13: Invalid AE Etry | E13: AE is entered as Maybe | F13: Open | G13: Query Sent to Site for correction
A14: Q013 | B14: SUB048 | C14: =_xlfn.XLOOKUP(B14,Raw_Clinical_Data!A:A,Raw_Clinical_Data!B:B) -> SITE02 | D14: Invalid Drug Dose Entry | E14: Drug Dose is entered as 1000mg | F14: In Progress | G14: Pending Correction

Sheet Pivot_Analysis
B3: Count of Query ID | I3: Row Labels | J3: Count of Subject ID
A4: Closed | B4: 2 | I4: Duplicate Subject ID | J4: 1
A5: In Progress | B5: 2 | C5: =COUNTA(A:A) -> 4 | I5: Future Visit Date | J5: 1
A6: Open | B6: 9 | I6: Invalid AE Etry | J6: 2
A7: Grand Total | B7: 13 | I7: Invalid Age | J7: 1
I8: Invalid Diastolic BP | J8: 2
I9: Invalid Drug Dose Entry | J9: 1
I10: Invalid Gender | J10: 1
I11: Invalid Systolic BP | J11: 3
I12: Missing Weight | J12: 1
I13: Grand Total | J13: 13
E17: Row Labels | F17: Count of Query ID
E18: SITE01 | F18: 2
E19: SITE02 | F19: 5
E20: SITE03 | F20: 2
E21: SITE03/SITE04 | F21: 1
E22: SITE04 | F22: 3
E23: Grand Total | F23: 13
